transaction_id,member_id,isbn,checkout_date,return_date,branch_id
TXN000000,M93810,978-1-64160-529-8,2024-12-19,2025-01-12,BR004
TXN000001,M23434,978-0-512-38282-5,2025-11-12,2025-11-14,BR002
TXN000002,M13905,978-1-290-42284-0,2026-03-11,2026-03-29,BR009
TXN000003,M36062,978-0-512-38282-5,2024-10-03,2024-10-22,BR007
TXN000004,M46463,978-0-351-16155-1,04/08/2026,2026-05-01,BR013
TXN000005,M65392,978-1-74964-990-3,2026-03-11,2026-03-22,BR004
TXN000006,M23396,978-0-7693-6763-7,2024-10-25,2024-11-14,BR006
TXN000007,M44671,978-1-342-83644-1,2026-06-16,2026-07-16,BR009
TXN000008,M59615,978-1-5466-5905-1,2024-09-03,2024-10-02,BR014
TXN000009,M57400,978-0-05-242786-4,06/03/2026,2026-06-28,BR001
TXN000010,M47930,978-1-290-42284-0,2025-06-09,2025-06-18,BR014
TXN000011,M69429,978-0-89226-801-6,2026-01-08,2026-01-15,BR003
TXN000012,M97841,978-0-490-35213-1,2025-07-25,2025-07-31,BR002
TXN000013,M80010,978-0-421-02499-1,2025-05-03,2025-06-02,BR008
TXN000014,M93886,978-1-4965-1370-0,2025-06-04,2025-06-29,BR011
TXN000015,M17331,978-0-8227-8248-3,2025-04-12,2025-04-21,BR013
TXN000016,M18675,978-0-7978-8191-4,2026-05-22,2026-05-29,BR015
TXN000017,M95909,978-0-912127-75-0,2025-02-14,2025-02-19,BR008
TXN000018,M42325,978-1-388-89937-0,2025-06-19,2025-07-03,BR005
TXN000019,M86484,978-1-4965-1370-0,2024-11-13,2024-11-16,BR003
TXN000020,M16175,978-0-18-699938-1,2025-10-19,2025-11-10,BR011
TXN000021,M65333,978-0-04-797480-9,2025-10-22,2025-11-06,BR007
TXN000022,M79352,978-1-969155-79-6,2025-11-13,2025-12-05,BR014
TXN000023,M25014,978-0-909656-10-2,2025-07-27,2025-08-17,BR013
TXN000024,M54587,978-1-59332-727-9,2026-05-04,2026-05-28,BR003
TXN000025,M44522,978-1-77109-324-8,2025-07-13,2025-08-10,BR009
TXN000026,M91959,978-0-619-90623-8,2024-09-30,2024-10-05,BR009
TXN000027,M59009,978-1-79825-071-6,2025-05-03,2025-06-02,BR013
TXN000028,M10074,978-1-08-621182-5,2025-05-30,2025-06-11,BR001
TXN000029,M50306,978-0-7661-7711-6,09/11/2025,2025-11-12,BR015
TXN000030,M21226,978-0-05-242786-4,2026-03-02,2026-03-07,BR013
TXN000031,M26828,978-1-966033-41-7,2025-01-26,2025-02-23,BR003
TXN000032,M89507,978-0-04-709521-4,2026-07-24,2026-08-17,BR015
TXN000033,M36365,978-1-4993-0972-0,2025-08-29,2025-09-13,BR011
TXN000034,M77839,978-0-657-66156-4,2024-08-11,,BR004
TXN000035,M12757,978-1-317-13900-3,2025-05-03,2025-05-06,BR010
TXN000036,M92719,978-1-348-74016-2,2025-12-31,,BR015
TXN000037,M53309,978-1-02-681177-1,2025-07-13,2025-07-20,BR005
TXN000038,M80678,978-0-7451-7133-3,2026-02-19,2026-03-17,BR010
TXN000039,M71993,978-1-62702-895-0,2025-04-05,,BR002
TXN000040,M66498,978-1-65240-415-6,2025-09-14,2025-09-16,BR008
TXN000041,M98259,978-0-85374-741-3,2025-03-20,,BR002
TXN000042,M54473,978-1-60366-909-2,2025-02-10,2025-02-28,BR004
TXN000043,M68800,978-1-77378-263-8,2024-08-16,2024-09-13,BR005
TXN000044,M19880,978-1-966033-41-7,2025-10-07,,BR002
TXN000045,M80855,978-1-77387-214-8,2024-08-18,2024-08-26,BR015
TXN000046,M31798,978-1-77725-228-1,2026-03-12,2026-04-10,BR004
TXN000047,M17685,978-0-01-338908-8,2025-02-18,2025-03-16,BR007
TXN000048,M69638,978-1-991251-34-3,2026-03-11,2026-03-16,BR011
TXN000049,M34890,978-0-699-85435-1,2025-07-07,2025-07-09,BR010
TXN000050,M51104,978-1-5001-7012-7,2025-04-15,2025-05-13,BR008
TXN000051,M79615,978-0-11-426265-5,2025-09-27,2025-09-30,BR002
TXN000052,M87992,978-0-02-053950-6,2025-01-14,2025-02-12,BR007
TXN000053,M84668,978-0-11-554262-6,2024-11-21,2024-12-05,BR001
TXN000054,M96163,978-1-124-06596-0,01/25/2025,2025-02-01,BR006
TXN000055,M97782,978-0-7839-0847-2,2025-01-20,2025-02-11,BR005
TXN000056,M94607,978-1-5060-6853-4,2025-08-22,2025-08-25,BR015
TXN000057,M11220,978-1-887676-77-9,2026-02-26,,BR002
TXN000058,M37938,978-1-69453-147-6,2026-01-17,2026-01-20,BR015
TXN000059,M42018,978-0-341-23281-0,2026-02-06,2026-03-01,BR008
TXN000060,,978-1-5199-4101-5,2026-06-20,,BR009
TXN000061,M82692,978-1-71434-558-8,2025-09-21,2025-09-25,BR015
TXN000062,M24029,978-1-74964-990-3,2026-07-16,2026-07-23,BR005
TXN000063,M54942,978-0-06-038505-7,2025-05-07,2025-05-23,BR014
TXN000064,M42914,978-1-234-30980-0,06/11/2026,2026-07-08,BR002
TXN000065,M46265,,2026-07-22,2026-08-12,BR006
TXN000066,M44335,978-0-7286-7908-5,2024-12-01,2024-12-19,BR009
TXN000067,M11267,978-1-77520-471-8,2025-01-16,,BR009
TXN000068,M58393,978-1-00-842710-5,2025-03-17,2025-03-27,BR007
TXN000069,M57795,978-1-7382997-3-7,2026-01-18,2026-02-09,BR015
TXN000070,M42706,978-1-312-17271-5,2025-04-16,2025-05-14,BR013
TXN000071,M63264,978-1-74964-990-3,2025-10-03,2025-10-31,BR015
TXN000072,M31299,978-0-85977-034-7,2025-12-24,2025-12-30,BR015
TXN000073,M53540,978-1-65240-415-6,2025-04-11,2025-05-05,BR013
TXN000074,M42527,978-1-60366-909-2,2025-09-15,2025-10-13,BR007
TXN000075,M71694,978-1-342-83644-1,2024-11-08,2024-12-04,BR006
TXN000076,M39831,978-1-187-02621-2,2026-06-21,2026-07-19,BR007
TXN000077,M19099,978-1-4535-2181-6,2026-03-31,2026-04-13,  BR006 
TXN000078,M99065,978-0-909656-10-2,2026-03-12,2026-03-16,BR006
TXN000079,M44237,978-0-476-79764-2,2026-07-07,2026-07-21,BR001
TXN000080,M55309,978-1-124-78261-4,2025-08-28,2025-09-14,BR007
TXN000081,M25157,978-0-422-32536-3,2024-12-03,2024-12-26,BR004
TXN000082,M67154,,2024-08-24,2024-09-15,BR015
TXN000083,M97900,978-0-7454-9904-8,2024-09-07,2024-10-07,BR002
TXN000084,M53279,978-0-241-90496-1,2025-10-10,2025-10-27,BR012
TXN000085,M50538,978-0-18-518888-5,2024-08-11,2024-08-29,BR007
TXN000086,M26683,978-1-321-04696-0,12/07/2025,2025-07-18,BR011
TXN000087,M90676,978-1-78652-785-1,2025-03-27,2025-04-06,BR009
TXN000088,M47606,978-0-946671-16-8,2025-10-19,2025-11-03,BR010
TXN000089,M67905,978-1-62328-588-3,2026-03-09,2026-04-07,BR009
TXN000090,M32241,978-1-271-77449-4,2025-04-03,2025-04-23,BR009
TXN000091,M53933,978-0-02-053950-6,2024-12-04,2024-12-30,BR011
TXN000092,M36100,978-0-624-73178-8,2026-03-06,2026-03-26,BR004
TXN000093,M19545,978-1-4518-7053-4,2026-04-23,2026-05-16,BR010
TXN000094,M60328,978-0-12-499856-8,2024-09-09,2024-09-10,BR003
TXN000095,M23970,978-1-4965-1370-0,2024-11-12,2024-12-05,  BR003 
TXN000096,M77889,978-0-528-66929-3,2025-12-25,2025-12-29,BR004
TXN000097,,978-1-246-28733-2,2024-11-08,2024-11-26,BR011
TXN000098,M88047,978-0-7286-7908-5,2024-10-17,2024-11-15,BR010
TXN000099,M76162,978-1-7362266-0-5,2025-08-16,2025-09-09,BR008
TXN000100,M72216,978-0-657-66156-4,2025-04-20,2025-05-15,BR014
TXN000101,M78327,978-0-7839-0847-2,2024-09-19,2024-10-12,BR005
TXN000102,M47450,978-0-05-486874-0,2025-12-25,2025-12-28,BR006
TXN000103,M28136,978-1-70168-733-2,2025-11-24,2025-12-01,BR012
TXN000104,M18418,978-0-19-520585-5,09/29/2025,2025-10-01,BR009
TXN000105,M37110,978-1-84168-784-1,2025-03-31,2025-04-23,BR015
TXN000106,M12560,978-0-544-94812-9,2025-03-20,2025-04-01,BR007
TXN000107,M49139,978-1-5401-9380-3,2026-07-11,2026-07-29,BR009
TXN000108,M89069,978-1-00-886008-7,2026-01-14,2026-01-30,BR004
TXN000109,M13804,978-1-78652-785-1,2025-06-12,2025-06-27,BR012
TXN000110,M26728,978-1-80589-113-0,2025-11-07,2025-11-26,BR001
TXN000111,M83975,978-0-940196-55-1,2025-07-19,2025-08-16,BR011
TXN000112,M70515,978-0-01-836675-6,2025-03-16,2025-03-31,BR007
TXN000113,M52840,978-1-321-04696-0,2025-12-26,2026-01-22,BR005
TXN000114,M65255,978-0-458-68501-1,2025-09-11,,BR008
TXN000115,M80702,978-0-85654-310-4,2026-05-09,2026-06-03,BR004
TXN000116,M95426,,19/10/2025,2025-10-26,BR001
TXN000117,M12671,978-0-7839-0847-2,2025-04-14,2025-04-18,BR003
TXN000118,M83920,978-0-7086-6882-5,2025-11-26,2025-12-08,BR012
TXN000119,M31992,978-1-298-06990-0,15/03/2026,2026-03-25,BR013
TXN000120,M24168,978-0-924075-81-0,30/04/2025,2025-05-13,BR010
TXN000121,M61990,978-1-240-05045-1,2026-01-15,2026-02-11,BR002
TXN000122,M92213,978-0-357-33221-4,2025-02-28,2025-03-26,BR014
TXN000123,M25866,978-0-903404-38-9,2024-12-04,,BR013
TXN000124,M79827,978-0-299-59001-7,2024-07-29,2024-08-09,BR002
TXN000125,M11658,978-1-08-621182-5,2025-12-23,2026-01-04,BR002
TXN000126,M93307,978-1-342-83644-1,2025-09-19,2025-09-25,BR012
TXN000127,M78386,978-1-5107-6226-8,2026-04-10,2026-04-28,BR010
TXN000128,M73372,978-0-05-162713-5,2026-02-11,2026-02-19,BR005
TXN000129,M21359,978-1-128-68230-9,2025-09-15,2025-10-04,  BR004 
TXN000130,M89997,978-0-450-54156-8,2024-12-08,2024-12-19,BR001
TXN000131,M33834,978-1-312-17271-5,2025-03-17,2025-03-26,BR013
TXN000132,M88139,978-1-161-36968-7,2026-03-11,,BR009
TXN000133,M35042,978-1-9733-4843-6,2025-10-17,2025-10-25,BR008
TXN000134,M72402,978-0-9845461-5-2,2025-11-07,2025-11-10,BR008
TXN000135,M48566,978-0-12-499856-8,2024-10-12,2024-10-24,  BR005 
TXN000136,M72031,978-0-596-40165-8,2025-07-25,2025-08-12,BR007
TXN000137,M53357,978-0-431-06903-6,03/27/2025,2025-04-04,BR005
TXN000138,,978-1-5060-6853-4,2024-09-22,2024-10-17,BR002
TXN000139,M34267,978-0-8080-1006-7,2025-04-07,2025-05-02,BR005
TXN000140,M78765,978-0-7278-8957-7,2025-03-18,2025-03-26,BR014
TXN000141,M57301,978-0-276-48350-9,05/11/2025,2025-11-14,BR012
TXN000142,M15965,978-1-969155-79-6,2026-07-02,2026-07-07,BR005
TXN000143,M93606,978-0-9845461-5-2,03/20/2026,2026-04-08,BR002
TXN000144,M47268,978-0-587-13971-3,29/11/2025,2025-12-01,BR006
TXN000145,M43092,978-1-56093-204-8,2026-01-12,2026-01-25,  BR002 
TXN000146,M74454,978-1-4518-7053-4,2025-03-30,,BR011
TXN000147,M29555,978-0-88805-929-1,2024-08-05,2024-08-09,BR002
TXN000148,M83147,978-1-5269-6582-0,2024-12-28,2025-01-05,BR010
TXN000149,M78494,978-0-7286-7908-5,2025-12-16,2025-12-30,  BR005 
TXN000150,M50026,978-1-62475-107-3,2025-04-10,2025-04-14,BR010
TXN000151,M37235,978-0-476-79764-2,2026-02-23,,BR011
TXN000152,M41439,978-1-923226-02-9,2026-01-05,,BR003
TXN000153,M69048,978-0-469-90139-1,2024-09-01,,BR005
TXN000154,M47762,978-0-431-06903-6,2025-06-13,2025-07-13,BR002
TXN000155,M44675,978-1-353-65419-5,2025-05-30,2025-06-29,BR010
TXN000156,M35928,978-1-71775-140-9,2024-11-26,2024-12-26,BR004
TXN000157,M44816,978-0-12-805982-1,2025-05-26,2025-06-05,BR001
TXN000158,M87993,978-1-80783-613-9,2026-05-03,2026-05-07,BR015
TXN000159,M71433,978-0-636-89702-1,2025-04-10,2025-04-26,BR005
TXN000160,M67377,978-1-7382997-3-7,2025-04-28,2025-05-09,BR015
TXN000161,M89129,978-1-68044-369-1,2026-03-25,2026-04-21,BR004
TXN000162,M85392,978-1-5328-7101-6,2026-02-24,2026-03-05,BR013
TXN000163,M85529,,2025-09-23,2025-10-10,BR013
TXN000164,M95394,978-1-4535-2181-6,2026-02-02,2026-02-16,BR003
TXN000165,M93202,978-1-68044-369-1,2025-01-08,2025-01-19,BR008
TXN000166,M52081,978-1-134-93618-2,2025-06-22,2025-07-08,BR006
TXN000167,M47777,978-0-309-13075-2,2026-03-04,2026-03-06,BR014
TXN000168,M69614,978-1-60494-519-5,2024-08-21,2024-09-15,BR006
TXN000169,M62976,978-0-433-21819-7,2024-08-11,2024-08-26,BR011
TXN000170,M64165,978-1-4472-1264-5,03/02/2025,2025-02-19,BR006
TXN000171,M91973,978-1-234-30980-0,2024-10-12,2024-10-17,BR004
TXN000172,,978-0-12-038750-2,2025-04-03,,BR002
TXN000173,M92578,978-0-7839-0847-2,2026-05-08,2026-05-26,BR012
TXN000174,M11792,978-1-77387-214-8,2024-11-22,2024-12-22,BR004
TXN000175,M24871,978-1-56464-170-0,2024-09-20,2024-10-06,BR011
TXN000176,M48254,978-1-160-60715-5,16/06/2026,2026-07-02,BR007
TXN000177,M41946,978-0-343-52408-1,07/12/2026,2026-08-01,BR007
TXN000178,M76616,978-0-545-49480-9,2025-04-01,,BR014
TXN000179,M64387,978-0-586-62961-1,2026-07-18,2026-07-28,BR005
TXN000180,M49132,978-0-946671-16-8,2026-05-11,2026-05-16,BR011
TXN000181,M68529,978-0-596-40165-8,2025-12-24,2026-01-11,BR006
TXN000182,M59441,978-0-289-86143-1,2025-06-08,2025-07-01,BR014
TXN000183,M41300,978-1-290-42284-0,2025-11-17,2025-11-19,BR014
TXN000184,M51704,978-0-595-32787-4,2025-10-14,2025-11-09,BR007
TXN000185,M95461,978-1-870021-76-0,2025-06-10,2025-06-29,BR001
TXN000186,M53515,978-0-587-13971-3,2024-09-05,2024-09-20,BR002
TXN000187,M12011,978-1-375-75844-4,03/27/2025,2025-04-01,BR014
TXN000188,M19807,978-0-476-79764-2,2026-07-10,2026-07-23,BR006
TXN000189,M95175,978-1-70654-051-9,2025-05-23,2025-06-10,BR014
TXN000190,M59808,978-1-353-65419-5,09/06/2025,2025-09-22,BR012
TXN000191,M80912,,04/06/2026,2026-06-26,BR002
TXN000192,M47667,978-1-68044-369-1,2025-08-26,2025-09-20,BR007
TXN000193,M93066,978-0-7278-8957-7,2025-11-22,2025-12-02,BR008
TXN000194,M13794,,2025-03-02,,BR013
TXN000195,M56984,978-0-343-52408-1,2024-10-06,2024-10-25,BR004
TXN000196,M99364,978-1-71756-551-8,2025-05-11,,BR003
TXN000197,M60140,978-0-7661-7711-6,2025-09-02,2025-09-07,BR008
TXN000198,M40433,978-0-7315-8514-4,2025-07-21,2025-07-22,BR008
TXN000199,M70981,978-0-512-38282-5,2024-09-05,,BR003
TXN000200,M55293,978-1-281-68505-6,2024-07-30,2024-08-22,BR011
TXN000201,M42780,978-0-357-33221-4,30/09/2024,2024-10-28,BR004
TXN000202,M73335,978-0-595-32787-4,03/22/2026,2026-04-01,BR010
TXN000203,M48696,,2025-10-27,2025-11-05,BR014
TXN000204,M11061,978-1-02-606474-0,2025-07-14,2025-07-30,BR015
TXN000205,M47512,978-1-317-13900-3,2024-10-06,2024-10-14,BR010
TXN000206,M93442,978-1-280-98851-6,2024-12-26,2025-01-20,BR011
TXN000207,M96400,978-0-367-83777-8,2025-11-06,,BR011
TXN000208,M92242,978-1-9774-6886-4,2026-07-12,2026-07-31,BR013
TXN000209,M57823,978-1-68044-369-1,2025-07-09,2025-08-02,BR015
TXN000210,M64460,978-1-69453-147-6,10/20/2024,2024-11-01,BR013
TXN000211,M79579,978-1-160-60715-5,2026-02-21,2026-03-23,BR014
TXN000212,M73156,978-1-186-44925-8,2025-07-07,2025-08-02,BR012
TXN000213,M25095,978-1-923226-02-9,2026-05-13,2026-05-21,BR003
TXN000214,M98647,978-1-70551-694-2,2025-02-06,2025-02-18,BR014
TXN000215,M21836,978-0-276-48350-9,2025-11-09,2025-11-24,BR005
TXN000216,M58311,978-1-4599-1022-5,2025-05-07,2025-05-28,BR010
TXN000217,M58689,978-1-290-42284-0,2025-04-25,,BR008
TXN000218,M83584,978-1-86661-889-9,2025-05-02,2025-05-23,BR004
TXN000219,M70852,978-0-357-33221-4,12/11/2024,2024-12-16,BR011
TXN000220,M15943,978-0-88805-929-1,2024-08-29,2024-09-06,BR008
TXN000221,M80457,978-0-431-06903-6,2025-06-14,2025-07-08,BR006
TXN000222,M80804,978-1-74964-990-3,2025-02-05,2025-02-09,BR015
TXN000223,M74139,978-1-5231-2432-9,2026-03-31,2026-04-07,BR001
TXN000224,M68115,978-0-02-053950-6,2025-09-13,2025-10-05,BR014
TXN000225,M58147,978-0-85374-741-3,2024-11-15,,BR006
TXN000226,M46160,978-0-271-93745-8,2025-12-19,2025-12-22,BR014
TXN000227,M96870,978-0-619-90623-8,2024-10-06,2024-10-08,BR010
TXN000228,M53713,978-0-19-314919-9,2025-11-28,2025-12-01,BR013
TXN000229,M82641,978-0-474-51712-9,2026-03-10,2026-03-21,BR014
TXN000230,M29340,978-0-89092-753-3,2025-05-26,2025-05-31,BR001
TXN000231,M27038,978-1-5168-0876-2,2026-01-31,2026-02-01,BR002
TXN000232,M27275,,2025-01-10,2025-01-29,BR013
TXN000233,M52437,,2024-09-10,,BR005
TXN000234,M65176,978-1-278-49808-9,2025-05-06,2025-05-18,BR008
TXN000235,M77271,978-1-78686-337-9,2025-08-14,2025-09-03,BR009
TXN000236,M15683,978-1-71543-799-2,2026-07-03,2026-07-04,BR005
TXN000237,M17972,978-0-309-13075-2,2025-12-12,2025-12-28,BR007
TXN000238,M68138,978-0-458-68501-1,2026-06-12,2026-06-15,BR006
TXN000239,M26540,978-0-06-038505-7,2025-09-19,2025-09-30,BR010
TXN000240,M59925,978-1-374-16724-7,2025-01-16,2025-02-05,BR005
TXN000241,M66387,978-1-298-06990-0,2025-03-03,2025-04-01,BR014
TXN000242,M82264,978-0-474-51712-9,2025-05-12,2025-05-20,BR007
TXN000243,M64239,978-0-431-06903-6,2026-04-13,2026-04-17,BR007
TXN000244,M50966,978-0-7315-8514-4,22/08/2024,2024-09-13,BR006
TXN000245,M72163,978-0-693-40608-2,2025-09-18,2025-10-12,BR002
TXN000246,M58843,978-1-991251-34-3,2025-08-09,2025-08-27,BR001
TXN000247,M83620,978-0-271-93745-8,2025-09-18,2025-10-10,BR007
TXN000248,M65435,978-1-234-30980-0,2026-07-16,2026-07-28,BR005
TXN000249,M23579,978-0-04-709521-4,2024-11-12,2024-11-20,BR003
TXN000250,M24184,978-1-991251-34-3,2026-06-21,2026-06-30,BR006
TXN000251,M85248,978-1-122-75304-3,2025-06-21,2025-07-16,BR014
TXN000252,M91490,978-0-912127-75-0,2026-06-21,,BR009
TXN000253,M96223,978-0-561-49784-6,2024-11-27,2024-12-20,  BR001 
TXN000254,M50499,978-0-85654-310-4,2024-12-29,2025-01-03,BR001
TXN000255,M84228,978-0-05-242786-4,2024-12-15,2024-12-16,  BR003 
TXN000256,M22026,978-0-474-51712-9,2024-08-28,2024-09-08,BR007
TXN000257,M30631,978-0-246-09539-8,2024-09-23,2024-10-13,BR013
TXN000258,M21135,978-1-74964-990-3,2025-12-09,2025-12-11,BR003
TXN000259,M98338,978-0-7286-7908-5,2024-12-22,2025-01-11,BR011
TXN000260,M67939,978-0-474-51712-9,2026-03-21,2026-04-02,BR013
TXN000261,M66349,978-0-05-162713-5,2024-11-13,2024-11-23,BR008
TXN000262,M15952,978-1-9731-1219-8,2025-10-05,,BR001
TXN000263,M49507,978-0-367-83777-8,2025-03-18,2025-03-29,BR013
TXN000264,M25726,,2026-01-10,2026-01-15,BR012
TXN000265,M59834,978-1-317-13900-3,2026-03-10,2026-04-01,BR009
TXN000266,M56421,978-1-311-65667-4,2024-09-29,,BR007
TXN000267,M20205,978-0-544-94812-9,2025-09-07,2025-09-30,BR007
TXN000268,M93904,978-1-298-06990-0,09/04/2025,,BR007
TXN000269,M52568,978-1-252-41056-4,2026-04-15,2026-05-15,BR008
TXN000270,M57428,978-0-236-23166-9,2025-08-11,2025-08-24,BR004
TXN000271,M78676,978-1-9774-6886-4,2026-05-29,2026-06-09,BR012
TXN000272,M32037,978-0-06-038505-7,2024-08-06,2024-08-13,BR002
TXN000273,,978-0-85374-741-3,2025-12-22,2025-12-26,BR014
TXN000274,M29194,978-1-67468-071-2,2025-09-30,2025-10-25,BR010
TXN000275,M95918,978-0-8023-8061-6,2026-02-19,2026-03-10,  BR008 
TXN000276,M85952,978-0-903404-38-9,2024-10-18,2024-11-07,BR011
TXN000277,M52363,978-0-8023-8061-6,2024-11-14,2024-11-17,BR006
TXN000278,M71462,978-0-88805-929-1,2025-09-15,2025-09-17,BR013
TXN000279,M56129,978-1-9774-6886-4,2025-09-26,2025-09-28,BR008
TXN000280,M58331,978-1-342-16073-7,2026-07-03,2026-07-31,BR011
TXN000281,M21835,978-0-586-62961-1,2024-10-09,2024-10-27,BR007
TXN000282,M15376,978-0-7451-7133-3,2024-10-13,2024-11-02,BR011
TXN000283,M72341,978-0-8384-2513-8,2026-02-17,2026-03-18,  BR008 
TXN000284,M55015,978-0-693-40608-2,2026-02-22,2026-02-24,BR009
TXN000285,M42472,978-1-191-08839-8,23/04/2026,2026-04-29,BR009
TXN000286,M57696,978-0-277-99799-9,2026-05-02,2026-05-13,BR007
TXN000287,M98984,978-1-937597-38-2,2026-04-30,2026-05-11,BR011
TXN000288,M22387,978-0-04-797480-9,2025-02-06,2025-03-06,BR005
TXN000289,M96057,978-0-438-98364-9,2025-11-18,2025-11-21,BR014
TXN000290,M86380,978-0-85654-310-4,2025-09-19,2025-10-12,BR005
TXN000291,M96787,978-0-11-554262-6,2025-07-08,2025-07-18,BR012
TXN000292,M83259,978-1-70654-051-9,2024-11-30,2024-12-23,BR014
TXN000293,M99838,978-1-77387-214-8,2025-05-18,2025-06-04,BR011
TXN000294,M57425,,2025-10-22,2025-10-29,BR005
TXN000295,M54791,978-0-12-038750-2,07/12/2025,2025-12-12,BR004
TXN000296,,978-0-7278-8957-7,2025-05-17,2025-06-13,BR009
TXN000297,M79013,,2025-05-13,2025-06-02,BR006
TXN000298,M27176,978-0-18-699938-1,2026-05-01,2026-05-24,BR003
TXN000299,,978-1-174-64887-8,2025-12-14,2025-12-28,BR012
TXN000300,M57749,978-1-02-681177-1,2024-09-02,2024-09-27,BR008
TXN000301,M68841,978-0-7839-0847-2,2025-07-10,2025-08-05,BR005
TXN000302,M71474,978-1-59615-865-8,2025-02-09,2025-02-28,BR006
TXN000303,M67749,978-0-277-99799-9,2025-04-26,2025-05-13,BR013
TXN000304,M64874,978-1-238-69222-9,31/03/2025,2025-04-28,BR013
TXN000305,M42768,978-1-77725-228-1,2026-02-28,2026-03-30,BR014
TXN000306,M23446,978-1-183-98262-8,2025-03-12,2025-03-15,BR014
TXN000307,M31012,978-0-678-88610-6,2026-04-05,2026-04-08,BR003
TXN000308,M39102,978-1-909275-57-7,2026-04-16,,BR015
TXN000309,M16980,978-1-364-71027-9,2025-12-10,2025-12-13,BR004
TXN000310,M59140,978-1-72779-010-8,2026-07-08,,BR015
TXN000311,M95191,978-0-343-52408-1,2025-01-10,,BR003
TXN000312,M71925,978-0-436-34957-7,03/04/2025,2025-03-19,BR013
TXN000313,M90654,,2026-01-22,,BR002
TXN000314,M38266,978-1-7362266-0-5,2026-02-13,2026-02-27,BR012
TXN000315,M24573,978-1-02-681177-1,2025-03-19,2025-03-27,BR005
TXN000316,M65027,978-0-524-19138-5,2026-01-11,,BR008
TXN000317,M75513,978-0-564-13953-8,2025-10-13,2025-10-21,BR011
TXN000318,M28818,978-0-433-21819-7,2024-10-01,2024-10-20,BR010
TXN000319,M64600,978-0-693-40608-2,2025-06-15,2025-06-18,BR009
TXN000320,M78951,978-0-586-62961-1,26/05/2026,,BR009
TXN000321,M71621,,2025-05-21,2025-05-30,BR007
TXN000322,M12128,978-1-348-74016-2,07/17/2025,2025-08-08,BR006
TXN000323,M92346,978-1-77590-175-4,2025-08-09,2025-08-14,BR012
TXN000324,M15811,978-1-65277-584-3,2025-04-27,2025-05-24,BR014
TXN000325,M99742,978-1-235-36937-7,2024-09-07,2024-09-12,BR011
TXN000326,M18270,978-1-383-02843-0,2026-02-26,2026-02-28,BR001
TXN000327,M36144,978-1-5060-6853-4,2024-09-13,2024-09-26,BR015
TXN000328,M81176,978-0-315-09839-8,2025-12-28,2026-01-07,BR013
TXN000329,M56789,978-0-8013-2677-6,2025-05-18,2025-05-27,  BR014 
TXN000330,M26315,978-1-878339-18-8,2026-02-18,2026-03-05,BR015
TXN000331,,978-0-7875-5886-4,2025-08-15,2025-08-27,BR008
TXN000332,M78062,978-0-940196-55-1,2025-09-16,2025-09-30,BR012
TXN000333,M88964,978-1-131-71274-1,12/02/2024,2024-12-06,BR009
TXN000334,M20494,978-1-186-44925-8,2026-04-28,2026-05-21,BR005
TXN000335,M65851,978-1-06-403910-6,2024-12-21,2025-01-14,BR006
TXN000336,M56210,978-1-59332-727-9,2024-09-08,2024-10-04,BR005
TXN000337,M17518,978-1-103-86571-0,2024-08-21,2024-09-16,BR007
TXN000338,M99051,978-0-543-03911-8,2024-09-02,2024-09-24,BR003
TXN000339,M67432,,2025-04-17,2025-05-08,BR002
TXN000340,M58015,978-0-7978-8191-4,2024-12-20,2025-01-11,BR001
TXN000341,M68972,978-1-396-90784-5,2025-04-23,2025-05-12,BR008
TXN000342,M28047,978-1-70551-694-2,2025-07-02,2025-07-10,BR006
TXN000343,M24869,,2025-05-14,2025-05-27,BR003
TXN000344,M83619,978-0-01-836675-6,2026-06-02,2026-06-22,BR012
TXN000345,M47431,978-0-9845461-5-2,2025-12-07,2026-01-04,BR004
TXN000346,M19706,978-1-06-403910-6,2025-01-20,2025-02-17,BR002
TXN000347,M51889,978-0-241-18244-4,2025-07-20,2025-08-18,BR009
TXN000348,M49315,978-1-103-86571-0,2025-06-19,2025-07-06,BR003
TXN000349,M39391,978-1-238-69222-9,2026-06-30,2026-07-26,BR013
TXN000350,M74752,,2025-07-09,2025-07-24,BR009
TXN000351,M82305,978-1-61595-148-2,2025-09-04,2025-09-27,BR002
TXN000352,M72739,978-1-375-75844-4,2025-04-05,2025-04-10,BR014
TXN000353,M51553,978-1-128-68230-9,2026-04-01,2026-04-13,BR008
TXN000354,M26821,978-0-553-71478-4,2025-02-02,2025-02-27,BR011
TXN000355,M26912,978-0-19-136193-7,2026-03-27,2026-04-01,BR014
TXN000356,M49862,978-0-03-697117-8,02/10/2024,2024-10-14,BR015
TXN000357,M78012,978-1-5433-0365-0,2024-08-17,2024-09-04,BR005
TXN000358,M45972,978-0-88805-929-1,2024-09-02,2024-09-19,BR010
TXN000359,M94015,978-1-77590-175-4,2026-04-13,2026-05-03,BR003
TXN000360,M89316,978-1-887676-77-9,02/18/2026,2026-02-19,BR001
TXN000361,M20646,,2024-12-31,2025-01-09,BR011
TXN000362,M95344,978-0-7451-7133-3,2025-01-05,2025-01-06,BR007
TXN000363,M75278,978-0-512-38282-5,2025-01-08,2025-01-18,BR005
TXN000364,M73300,978-1-78652-785-1,2024-12-26,2025-01-18,BR005
TXN000365,M17852,978-0-308-33016-0,2025-11-16,2025-11-27,BR008
TXN000366,M89516,978-1-72779-010-8,2025-08-07,2025-08-19,BR012
TXN000367,M62260,978-0-299-59001-7,04/21/2026,2026-05-02,BR009
TXN000368,M41685,978-0-561-49784-6,2026-07-04,2026-07-08,BR008
TXN000369,M16632,978-1-70168-733-2,2025-12-08,2025-12-16,BR014
TXN000370,M30932,978-0-422-32536-3,2025-07-09,2025-08-03,BR012
TXN000371,M30885,978-1-81995-604-7,2024-11-01,2024-11-11,BR008
TXN000372,M75191,,2024-12-01,2024-12-09,BR007
TXN000373,M38199,978-0-8013-2677-6,2026-03-05,2026-03-25,BR001
TXN000374,M95755,978-1-81477-005-1,01/07/2025,,BR009
TXN000375,M24089,978-0-476-79764-2,2025-10-15,2025-10-28,BR012
TXN000376,M57964,,2026-06-17,2026-06-24,BR001
TXN000377,M57516,978-0-04-505331-5,2025-12-31,2026-01-25,BR007
TXN000378,M82070,978-0-03-075622-1,2025-12-28,2026-01-02,BR011
TXN000379,M22672,978-1-65277-584-3,2025-02-14,2025-03-11,BR009
TXN000380,M28909,978-0-11-426265-5,2026-05-13,2026-05-15,BR007
TXN000381,M15100,978-1-72217-043-1,2026-04-11,2026-04-26,BR013
TXN000382,M29521,978-1-81995-604-7,06/28/2025,2025-07-18,BR003
TXN000383,M51750,978-0-421-02027-6,2025-01-03,2025-01-22,BR012
TXN000384,M54089,978-0-11-426265-5,2025-03-05,2025-03-24,  BR009 
TXN000385,M49294,978-0-564-13953-8,2025-08-12,2025-08-16,BR006
TXN000386,M64596,978-1-4518-7053-4,2025-10-26,2025-11-04,BR001
TXN000387,M95929,978-0-946671-16-8,2025-09-28,2025-09-30,BR010
TXN000388,M86483,978-1-56924-593-4,2024-08-02,2024-08-27,BR011
TXN000389,M59832,978-0-12-499856-8,2026-07-28,2026-08-20,BR001
TXN000390,M24404,978-0-587-13971-3,2026-07-04,2026-07-18,BR006
TXN000391,M36724,978-1-141-83285-9,2026-04-02,2026-04-30,BR015
TXN000392,M18163,978-1-4472-1264-5,09/11/2025,2025-10-03,BR004
TXN000393,M72701,978-1-124-78261-4,2025-10-05,2025-10-23,BR003
TXN000394,M54869,978-0-912127-75-0,2025-02-19,2025-03-11,BR013
TXN000395,M73462,978-0-657-66156-4,2025-12-10,2025-12-18,BR005
TXN000396,M49008,978-1-944064-09-9,2025-07-15,2025-07-26,BR012
TXN000397,M72888,978-1-64160-529-8,30/03/2025,2025-04-21,BR005
TXN000398,M81197,978-1-952694-95-0,15/02/2025,2025-03-12,BR014
TXN000399,M29198,978-0-19-986798-1,2025-03-22,,BR012
TXN000400,M67983,978-1-235-36937-7,2025-02-15,2025-03-05,BR004
TXN000401,M45537,978-1-160-60715-5,11/19/2025,2025-12-13,BR003
TXN000402,M86917,978-1-02-606474-0,2026-06-24,2026-07-02,  BR011 
TXN000403,M93616,978-0-7278-8957-7,2025-11-16,2025-12-02,BR007
TXN000404,M23178,978-0-367-83777-8,2024-12-12,2025-01-11,BR001
TXN000405,M30701,978-1-4587-7175-9,10/08/2025,2025-09-04,BR008
TXN000406,M47649,978-0-85374-741-3,2025-01-19,2025-01-22,BR001
TXN000407,M95498,978-1-80589-113-0,2024-09-07,2024-10-07,BR012
TXN000408,M14888,978-1-5168-0876-2,2026-04-15,2026-04-21,BR007
TXN000409,M14763,978-1-70551-694-2,2026-03-12,2026-04-11,BR013
TXN000410,M47941,978-0-7816-1849-6,2025-05-19,2025-05-23,BR005
TXN000411,M53914,978-1-56557-431-1,2025-03-18,2025-04-16,BR009
TXN000412,M27589,978-0-435-17518-4,2024-11-07,2024-11-11,BR005
TXN000413,M53343,978-1-383-02843-0,2024-08-15,2024-08-21,BR011
TXN000414,M11846,978-1-186-44925-8,2025-07-26,2025-08-02,BR010
TXN000415,M33002,978-0-619-90623-8,2025-03-01,2025-03-15,BR015
TXN000416,M77538,978-0-309-13075-2,2026-05-21,,BR011
TXN000417,M28430,978-1-5271-1116-5,2025-05-19,2025-05-27,BR001
TXN000418,M68554,978-1-70654-051-9,2026-01-17,2026-02-05,BR005
TXN000419,M11498,978-1-82911-467-3,2025-09-27,2025-10-19,BR012
TXN000420,M25495,978-0-679-74034-6,2026-07-25,2026-08-24,BR007
TXN000421,,978-0-619-90623-8,2026-03-16,2026-03-28,BR015
TXN000422,M90560,978-1-996507-52-0,2025-04-04,2025-04-28,BR008
TXN000423,M89395,978-1-966033-41-7,2025-12-31,2026-01-18,BR015
TXN000424,M97044,978-0-657-66156-4,2025-12-11,2026-01-08,  BR011 
TXN000425,M20730,978-1-65193-982-6,2025-11-06,2025-12-06,BR012
TXN000426,M83946,978-1-7362266-0-5,2025-07-10,2025-07-29,BR015
TXN000427,M80341,978-0-18-518888-5,2026-06-15,2026-06-19,BR014
TXN000428,M99167,978-1-363-74545-6,16/04/2025,,BR008
TXN000429,M76895,978-0-19-136193-7,2025-03-04,2025-03-18,BR008
TXN000430,M69873,978-1-278-28274-9,2024-11-29,2024-12-09,BR008
TXN000431,M12853,978-0-01-338908-8,2025-11-20,2025-11-23,BR012
TXN000432,M15936,978-1-278-49808-9,2025-09-09,2025-10-09,BR009
TXN000433,M19046,978-1-354-03317-3,27/02/2025,2025-03-05,BR001
TXN000434,M27750,978-0-85374-741-3,2025-07-07,2025-08-05,BR007
TXN000435,M60132,978-0-588-15371-8,2026-01-20,,BR007
TXN000436,M96742,978-1-996507-52-0,2026-01-09,2026-01-13,BR011
TXN000437,M33392,978-0-00-257872-1,2025-09-09,2025-09-17,BR009
TXN000438,M10455,978-0-546-29148-3,2026-05-26,2026-06-13,BR008
TXN000439,M65591,978-1-317-13900-3,06/20/2026,2026-06-25,BR004
TXN000440,M46129,978-1-346-70656-6,2026-05-16,2026-05-30,BR001
TXN000441,M90599,978-0-564-13953-8,2025-11-18,2025-11-22,BR004
TXN000442,M87849,,06/01/2025,2025-02-03,BR010
TXN000443,M16380,978-0-06-513338-7,2025-01-07,2025-01-25,BR007
TXN000444,M38477,978-0-19-136193-7,2026-04-26,2026-05-06,BR003
TXN000445,M40692,978-0-544-94812-9,2025-05-31,2025-06-25,BR006
TXN000446,M98150,978-1-02-681177-1,2026-05-07,2026-05-29,BR005
TXN000447,M78321,978-1-281-68505-6,2025-04-25,,BR005
TXN000448,M87550,978-1-5168-0876-2,2025-09-29,2025-10-17,BR011
TXN000449,M74962,,2025-07-02,2025-07-24,BR006
TXN000450,M59958,978-1-72779-010-8,2024-10-22,2024-10-27,BR012
TXN000451,M49306,978-1-388-89937-0,2024-09-05,2024-09-13,BR008
TXN000452,M49418,978-0-518-23374-9,2025-11-03,2025-11-05,BR013
TXN000453,M83713,978-1-120-82677-0,2025-09-25,2025-10-08,BR009
TXN000454,M41831,978-0-19-520585-5,2025-10-24,,BR011
TXN000455,M68954,978-1-77387-214-8,2025-07-08,2025-07-15,BR009
TXN000456,M16755,978-0-7613-7918-8,2024-12-17,,BR010
TXN000457,M19539,978-1-06-324241-5,2024-10-23,2024-10-30,BR012
TXN000458,M72835,978-1-72217-043-1,2025-12-07,2025-12-08,BR005
TXN000459,M37762,978-1-56464-170-0,2025-08-19,2025-09-04,BR012
TXN000460,M41797,978-1-07-482175-3,25/05/2025,2025-06-12,BR007
TXN000461,M52154,978-1-321-04696-0,04/25/2026,2026-05-07,BR008
TXN000462,M50425,978-0-678-88610-6,2024-11-15,2024-11-19,  BR015 
TXN000463,M71537,978-1-72779-010-8,2026-07-23,2026-08-03,BR015
TXN000464,M64254,,2025-04-04,2025-04-09,BR014
TXN000465,M12125,978-1-5001-7012-7,2026-07-19,2026-07-29,BR010
TXN000466,M29976,978-1-317-13900-3,2026-05-11,2026-05-19,BR007
TXN000467,M75444,978-0-450-54156-8,2026-07-19,2026-08-04,BR005
TXN000468,M94108,978-1-342-83644-1,09/11/2024,2024-11-21,BR003
TXN000469,M32185,978-0-512-38282-5,2026-04-19,2026-05-18,BR008
TXN000470,M81058,978-1-62475-107-3,2024-12-06,,BR009
TXN000471,M19742,978-0-8013-2677-6,2024-09-25,,BR013
TXN000472,M28021,978-0-293-18393-2,2025-03-28,2025-03-29,BR002
TXN000473,M38668,978-1-364-71027-9,2026-07-19,2026-08-10,BR001
TXN000474,M90808,978-1-00-886008-7,2025-03-14,,BR001
TXN000475,M82305,978-0-564-13953-8,2024-09-08,2024-09-26,BR009
TXN000476,M47576,,2025-06-23,2025-07-07,BR014
TXN000477,M33496,978-0-7693-6763-7,2024-12-28,2025-01-04,BR009
TXN000478,M91235,978-1-312-17271-5,2026-02-13,2026-02-16,BR005
TXN000479,M58896,978-1-342-83644-1,2025-09-22,2025-10-15,BR010
TXN000480,M39603,978-0-458-68501-1,2024-11-20,2024-12-11,BR011
TXN000481,M14152,978-1-321-04696-0,2026-02-21,2026-02-23,BR007
TXN000482,M93459,,2026-02-17,,BR003
TXN000483,M66873,978-0-19-520585-5,2024-10-30,2024-11-03,BR010
TXN000484,M79226,978-1-317-13900-3,2025-06-10,2025-07-03,BR004
TXN000485,M84289,978-0-624-73178-8,2025-06-06,,BR015
TXN000486,M46749,978-1-887676-77-9,2025-06-06,,BR011
TXN000487,M51220,,2025-07-11,2025-08-05,BR004
TXN000488,M62205,978-1-281-68505-6,2024-07-31,2024-08-19,BR003
TXN000489,M61007,978-1-79825-071-6,2025-08-22,2025-09-15,BR006
TXN000490,M28343,978-1-5433-0365-0,2026-01-13,2026-01-25,BR009
TXN000491,M17038,978-0-293-18393-2,2026-06-22,,BR014
TXN000492,M89320,978-0-11-554262-6,2026-05-11,2026-05-22,BR007
TXN000493,M13883,978-1-128-68230-9,2026-02-01,2026-02-19,BR008
TXN000494,M59207,978-1-5001-7012-7,2025-08-20,2025-09-14,BR011
TXN000495,M91083,978-0-657-66156-4,2024-08-10,,BR012
TXN000496,M45123,978-0-06-038505-7,07/31/2024,2024-08-11,BR003
TXN000497,M57277,978-1-379-40265-7,2026-01-15,2026-02-09,BR005
TXN000498,M45358,978-1-61595-148-2,09/01/2025,2025-01-27,BR003
TXN000499,M82710,978-1-277-43487-3,2026-04-30,,BR001
TXN000500,M82642,978-1-9731-1219-8,2025-03-13,2025-03-26,BR013
TXN000501,M11617,978-1-245-65060-1,10/11/2024,,  BR013 
TXN000502,M83339,978-0-12-499856-8,2025-07-30,2025-08-21,BR010
TXN000503,M59903,978-0-690-03432-5,2025-03-08,2025-03-13,BR005
TXN000504,M18292,978-1-161-36968-7,2024-09-13,2024-10-09,BR007
TXN000505,M20082,978-0-657-66156-4,2024-08-30,2024-09-19,BR012
TXN000506,M90828,978-0-236-23166-9,2026-06-21,2026-07-04,BR003
TXN000507,M53544,978-1-321-04696-0,2025-06-26,2025-07-11,BR013
TXN000508,M53874,978-0-7121-0032-8,2025-08-12,2025-08-23,BR010
TXN000509,M89064,978-1-238-69222-9,2025-08-15,2025-08-28,BR008
TXN000510,M51830,978-0-06-038505-7,2025-06-10,2025-07-06,BR008
TXN000511,M41775,978-1-5231-2432-9,2025-12-12,2025-12-24,BR014
TXN000512,M24927,978-1-238-69222-9,2024-11-02,2024-11-08,BR010
TXN000513,M99353,978-0-482-81489-0,2026-07-26,2026-08-18,BR012
TXN000514,M37479,978-0-518-20377-3,2025-07-21,2025-08-17,BR014
TXN000515,M63627,978-0-436-34957-7,2026-01-27,2026-02-05,BR011
TXN000516,M96332,978-0-547-88728-9,2024-11-25,2024-12-10,BR013
TXN000517,M88372,978-0-309-13075-2,2026-05-21,2026-06-20,BR009
TXN000518,M64827,978-1-82911-467-3,2026-03-13,2026-03-31,BR012
TXN000519,M87833,978-0-693-40608-2,2024-08-10,2024-09-01,BR002
TXN000520,M97122,978-0-490-35213-1,2025-01-07,,BR010
TXN000521,M94545,978-1-4993-0972-0,2026-07-17,2026-08-12,BR013
TXN000522,M66420,978-0-16-328708-1,2024-12-29,2025-01-22,BR005
TXN000523,M77999,978-0-544-94812-9,08/13/2024,2024-08-26,BR004
TXN000524,M70694,978-1-152-06436-2,2025-07-31,2025-08-12,BR012
TXN000525,M13219,978-1-186-44925-8,2024-10-26,2024-10-29,BR007
TXN000526,,978-1-85574-443-1,2025-12-29,2026-01-13,BR006
TXN000527,M37114,978-1-909275-57-7,2026-02-27,,BR008
TXN000528,M69303,978-1-281-68505-6,2025-04-28,2025-05-02,BR001
TXN000529,M12960,978-0-490-35213-1,2025-11-08,2025-11-14,BR002
TXN000249,M23579,978-0-04-709521-4,2024-11-12,2024-11-20,BR003
TXN000528,M69303,978-1-281-68505-6,2025-04-28,2025-05-02,BR001
TXN000178,M76616,978-0-545-49480-9,2025-04-01,,BR014
TXN000163,M85529,,2025-09-23,2025-10-10,BR013
TXN000338,M99051,978-0-543-03911-8,2024-09-02,2024-09-24,BR003
TXN000436,M96742,978-1-996507-52-0,2026-01-09,2026-01-13,BR011
TXN000473,M38668,978-1-364-71027-9,2026-07-19,2026-08-10,BR001
TXN000237,M17972,978-0-309-13075-2,2025-12-12,2025-12-28,BR007
TXN000414,M11846,978-1-186-44925-8,2025-07-26,2025-08-02,BR010
TXN000188,M19807,978-0-476-79764-2,2026-07-10,2026-07-23,BR006
